IMPACTOS GLOBALES CARE INTERNACIONAL,PROPUESTA INDICADORES CARE HN,Indicadores de Proyectos,Código del Proyecto,Total
20 millones de personas afectadas por crisis humanitaria reciben asistencia de calidad para salvar vidas.,22. # y % de iniciativas humanitarias de CARE que cumplen con los requerimientos del marcador de genero.  ,,,
20 millones de personas afectadas por crisis humanitaria reciben asistencia de calidad para salvar vidas.,4. # y % de personas afectadas por desastres/crisis apoyadas por CARE,,,
20 millones de personas afectadas por crisis humanitaria reciben asistencia de calidad para salvar vidas.,"5. % de la población afectada por desastres/crisis en áreas de respuesta humanitaria de CARE quienes reportan satisfacción con  la respuesta en términos de relevancia, llegada en el momento oportuno (""timeliness"") y la rendición de cuentas (""accountability"") de las intervenciones humanitarias",,,
30 millones de mujeres tienen mayor acceso y control sobre los recursos económicos.,(Trabajo Digno 1.1) % de incremento de la población que conoce los derechos de las mujeres trabajadoras del hogar en Honduras.,# de campaña de sensibilización en los territorios donde actualmente interviene CARE con mensajes sobre derechos laborales de las mujeres es implementada.,TD,1500
30 millones de mujeres tienen mayor acceso y control sobre los recursos económicos.,(Trabajo Digno 1.1) % de incremento de la población que conoce los derechos de las mujeres trabajadoras del hogar en Honduras.,# de autoridades municipales son capaces de enlistar dos derechos de las trabajadoras del hogar,TD,30
30 millones de mujeres tienen mayor acceso y control sobre los recursos económicos.,(Trabajo Digno 1.1) % de incremento de la población que conoce los derechos de las mujeres trabajadoras del hogar en Honduras.,# de pobladores de las áreas de intervención de CARE son capaces de identificar al menos un aspecto clave descrito en la propuesta de  la Ley de Trabajo Doméstico presentada al Congreso Nacional.,TD,1500
30 millones de mujeres tienen mayor acceso y control sobre los recursos económicos.,"(Trabajo Digno 3.1) # de mujeres que participan en el proceso formativo, con capacidades desarrolladas para analizar y dar respuesta a la situación de las trabajadoras del hogar, e incidir en las políticas publicas nacionales y regionales a favor de sus derechos.",# red de trabajadoras domésticas implementando plan de incidencia politica con sus miembros.,TD,200
30 millones de mujeres tienen mayor acceso y control sobre los recursos económicos.,"(Trabajo Digno 3.1) # de mujeres que participan en el proceso formativo, con capacidades desarrolladas para analizar y dar respuesta a la situación de las trabajadoras del hogar, e incidir en las políticas publicas nacionales y regionales a favor de sus derechos.",# de mujeres que integran la red y participan en espacios publicos de dialogo.,TD,200
30 millones de mujeres tienen mayor acceso y control sobre los recursos económicos.,16. # y % de mujeres que utilizan activamente a servicios financieros (desagregado por servicios informales y formales) (relacionado con indicador 8.10.2 de los to SDGs),"# grupos comunitarios recibiendo asistencia tecnica en aspectos del sector social de la economia,desarrollo empresarial rural y produccion agricola sostenible a traves de las Escuelas de campo(ECA's). Aporta al inidcador 16",PL,6466
30 millones de mujeres tienen mayor acceso y control sobre los recursos económicos.,16. # y % de mujeres que utilizan activamente a servicios financieros (desagregado por servicios informales y formales) (relacionado con indicador 8.10.2 de los to SDGs),"# % de mujeres participando y decidiendo sobre los ingresos, rubros a establecer( huertos o parcelas) y nuevos emprendimientos. ",PL,4260
30 millones de mujeres tienen mayor acceso y control sobre los recursos económicos.,16. # y % de mujeres que utilizan activamente a servicios financieros (desagregado por servicios informales y formales) (relacionado con indicador 8.10.2 de los to SDGs),% de mujeres participando en las organizaciones de servicios financieros comunitarios.,PL,4260
30 millones de mujeres tienen mayor acceso y control sobre los recursos económicos.,16. # y % de mujeres que utilizan activamente a servicios financieros (desagregado por servicios informales y formales) (relacionado con indicador 8.10.2 de los to SDGs)," # de nuevas microempresas son creadas, contribuyendo a los efectos (outcomes) de FNS&CR ",PNF,368
30 millones de mujeres tienen mayor acceso y control sobre los recursos económicos.,16. # y % de mujeres que utilizan activamente a servicios financieros (desagregado por servicios informales y formales) (relacionado con indicador 8.10.2 de los to SDGs), 2.1.1 Mayor incremento del uso de servicios financieros formales e informales,PNF,1236
30 millones de mujeres tienen mayor acceso y control sobre los recursos económicos.,16. # y % de mujeres que utilizan activamente a servicios financieros (desagregado por servicios informales y formales) (relacionado con indicador 8.10.2 de los to SDGs), % de hogares con tres o mas diferentes fuentes de ingresos ,PNF,100
30 millones de mujeres tienen mayor acceso y control sobre los recursos económicos.,16. # y % de mujeres que utilizan activamente a servicios financieros (desagregado por servicios informales y formales) (relacionado con indicador 8.10.2 de los to SDGs),% del grupo de impacto que son usuarios activos de servicios financieros (relacionados al indicador SDG 8.10.2) ,PNF,370
30 millones de mujeres tienen mayor acceso y control sobre los recursos económicos.,16. # y % de mujeres que utilizan activamente a servicios financieros (desagregado por servicios informales y formales) (relacionado con indicador 8.10.2 de los to SDGs),% de hogares con ahorros ,PNF,370
30 millones de mujeres tienen mayor acceso y control sobre los recursos económicos.,16. # y % de mujeres que utilizan activamente a servicios financieros (desagregado por servicios informales y formales) (relacionado con indicador 8.10.2 de los to SDGs),% de ingresos invertidos en las empresas en los últimos 12 meses,PNF,370
30 millones de mujeres tienen mayor acceso y control sobre los recursos económicos.,16. # y % de mujeres que utilizan activamente a servicios financieros (desagregado por servicios informales y formales) (relacionado con indicador 8.10.2 de los to SDGs), % de la población de impacto recibiendo servicios de desarrollo empresarial durante los últimos 12 meses ,PNF,684
30 millones de mujeres tienen mayor acceso y control sobre los recursos económicos.,16. # y % de mujeres que utilizan activamente a servicios financieros (desagregado por servicios informales y formales) (relacionado con indicador 8.10.2 de los to SDGs),"1223.2  # de empresas colectivas y/o individuales que acceden a por lo menos un mecanismo de garantía de préstamos y/o de fondo revolvente (desagregado por género, edad, indígena o no, categoría de fondo, monto y sitio)",PROLEMPA,1500
30 millones de mujeres tienen mayor acceso y control sobre los recursos económicos.,17. % de mujeres quienes reportan que pueden participar de manera equitativa en la toma de decisiones financieras en su hogar,Mujeres que trabajan en el sector rural han sido apoyadas con capital semilla.,PDR,3525
30 millones de mujeres tienen mayor acceso y control sobre los recursos económicos.,17. % de mujeres quienes reportan que pueden participar de manera equitativa en la toma de decisiones financieras en su hogar,% de mujeres que (informan) pueden participar igualmente en la toma de decisiones financieras del hogar,PNF,684
30 millones de mujeres tienen mayor acceso y control sobre los recursos económicos.,17. % de mujeres quienes reportan que pueden participar de manera equitativa en la toma de decisiones financieras en su hogar,"1111.1 # de mujeres, hombres, hombres y mujeres jóvenes y mujeres y hombres indígenas capacitadas en liderazgo, toma de decisiones, igualdad de género y violencia de género, derechos reproductivos y económicos.",PROLEMPA,11639
30 millones de mujeres tienen mayor acceso y control sobre los recursos económicos.,"18. # y % de mujeres con membresía de un sindicato, grupo de mujeres, o cooperativa, a través de lo cual pueden dar voz a sus derechos laborales","# y % de personas de ambos géneros que han participado significativamente en espacios de toma de decisiones, formales e informales",PNF,1236
30 millones de mujeres tienen mayor acceso y control sobre los recursos económicos.,"18. # y % de mujeres con membresía de un sindicato, grupo de mujeres, o cooperativa, a través de lo cual pueden dar voz a sus derechos laborales", Incremento en la membresía de las asociaciones de productores y de micro-empresarios.,PNF,1236
50 millones de personas pobres y vulnerables incrementan su seguridad alimentaria y nutricional y su resiliencia ante el cambio climático.,"13. %  de la población con inseguridad alimentaria moderada o severa, en base a la Escala de Experiencia de Inseguridad Alimentaria (FIES) (indicador 2.1.2 de los SDGs)",Incremento al Rendimiento promedio alcanzado en granos básicos por los beneficiarios del Componente 1 (Línea Base + 20%),ACS,3000
50 millones de personas pobres y vulnerables incrementan su seguridad alimentaria y nutricional y su resiliencia ante el cambio climático.,"13. %  de la población con inseguridad alimentaria moderada o severa, en base a la Escala de Experiencia de Inseguridad Alimentaria (FIES) (indicador 2.1.2 de los SDGs)",Incremento promedio en el valor de las ventas anuales de los hogares participantes (Línea Base + US$ 900),ACS,7000
50 millones de personas pobres y vulnerables incrementan su seguridad alimentaria y nutricional y su resiliencia ante el cambio climático.,"13. %  de la población con inseguridad alimentaria moderada o severa, en base a la Escala de Experiencia de Inseguridad Alimentaria (FIES) (indicador 2.1.2 de los SDGs)",Puntuación de la diversidad de la dieta en los hogares participantes del Componente 2 (60% tienen un promedio de al menos 4 y 25% tienen un promedio de al menos 5),ACS,8000
50 millones de personas pobres y vulnerables incrementan su seguridad alimentaria y nutricional y su resiliencia ante el cambio climático.,"13. %  de la población con inseguridad alimentaria moderada o severa, en base a la Escala de Experiencia de Inseguridad Alimentaria (FIES) (indicador 2.1.2 de los SDGs)",% de hogares atendidos  han incrementado la disponibilidad de alimentos.,PL,39765
50 millones de personas pobres y vulnerables incrementan su seguridad alimentaria y nutricional y su resiliencia ante el cambio climático.,"13. %  de la población con inseguridad alimentaria moderada o severa, en base a la Escala de Experiencia de Inseguridad Alimentaria (FIES) (indicador 2.1.2 de los SDGs)",# Productores y productoras producen en sus huertos familiares utilizando sistemas de cosecha de aguas lluvia y microriego complementario en periodos de sequia.,PL,6300
50 millones de personas pobres y vulnerables incrementan su seguridad alimentaria y nutricional y su resiliencia ante el cambio climático.,"13. %  de la población con inseguridad alimentaria moderada o severa, en base a la Escala de Experiencia de Inseguridad Alimentaria (FIES) (indicador 2.1.2 de los SDGs)","Prevalencia de población con inseguridad alimentaria moderada o severa, con base a la Escala de Experiencia en Inseguridad Alimentaria (FIES) ",PNF,1236
50 millones de personas pobres y vulnerables incrementan su seguridad alimentaria y nutricional y su resiliencia ante el cambio climático.,"13. %  de la población con inseguridad alimentaria moderada o severa, en base a la Escala de Experiencia de Inseguridad Alimentaria (FIES) (indicador 2.1.2 de los SDGs)","% de la población de impacto que demuestran buenas prácticas de agua, saneamiento e higiene ",PNF,1236
50 millones de personas pobres y vulnerables incrementan su seguridad alimentaria y nutricional y su resiliencia ante el cambio climático.,"13. %  de la población con inseguridad alimentaria moderada o severa, en base a la Escala de Experiencia de Inseguridad Alimentaria (FIES) (indicador 2.1.2 de los SDGs)","% de población de impacto que tiene conocimiento y comprende datos específicos sobre el agua, el saneamiento y la higiene ",PNF,1236
50 millones de personas pobres y vulnerables incrementan su seguridad alimentaria y nutricional y su resiliencia ante el cambio climático.,"13. %  de la población con inseguridad alimentaria moderada o severa, en base a la Escala de Experiencia de Inseguridad Alimentaria (FIES) (indicador 2.1.2 de los SDGs)", % de agricultores accesando insumos apropiados durante los últimos 12 meses ,PNF,772
50 millones de personas pobres y vulnerables incrementan su seguridad alimentaria y nutricional y su resiliencia ante el cambio climático.,"13. %  de la población con inseguridad alimentaria moderada o severa, en base a la Escala de Experiencia de Inseguridad Alimentaria (FIES) (indicador 2.1.2 de los SDGs)",Meses de Aprovisionamiento Adecuado de Comida al Hogar (MAHFP por sus siglas en ingles) ,PNF,1236
50 millones de personas pobres y vulnerables incrementan su seguridad alimentaria y nutricional y su resiliencia ante el cambio climático.,"13. %  de la población con inseguridad alimentaria moderada o severa, en base a la Escala de Experiencia de Inseguridad Alimentaria (FIES) (indicador 2.1.2 de los SDGs)","% de población de impacto que conoce los hechos relacionados a la nutrición y estilos de vida saludables, en relación a una dieta balanceada. ",PNF,1236
50 millones de personas pobres y vulnerables incrementan su seguridad alimentaria y nutricional y su resiliencia ante el cambio climático.,"13. %  de la población con inseguridad alimentaria moderada o severa, en base a la Escala de Experiencia de Inseguridad Alimentaria (FIES) (indicador 2.1.2 de los SDGs)","% de mujeres en edad reproductiva que consumen una diversidad dietética mínima (Diversidad Alimentaria Mínima para las Mujeres), puntaje promedio de diversidad dietética de los hogares y puntaje de diversidad dietética de los niños",PNF,410
50 millones de personas pobres y vulnerables incrementan su seguridad alimentaria y nutricional y su resiliencia ante el cambio climático.,"13. %  de la población con inseguridad alimentaria moderada o severa, en base a la Escala de Experiencia de Inseguridad Alimentaria (FIES) (indicador 2.1.2 de los SDGs)",%  de la población de impacto que ha comido frutas y verduras más veces por día durante los últimos 30 días. ,PNF,1236
50 millones de personas pobres y vulnerables incrementan su seguridad alimentaria y nutricional y su resiliencia ante el cambio climático.,"13. %  de la población con inseguridad alimentaria moderada o severa, en base a la Escala de Experiencia de Inseguridad Alimentaria (FIES) (indicador 2.1.2 de los SDGs)","%  de hogares accesando alimentos objetivo, ricos en micro nutrientes ",PNF,100
50 millones de personas pobres y vulnerables incrementan su seguridad alimentaria y nutricional y su resiliencia ante el cambio climático.,"13. %  de la población con inseguridad alimentaria moderada o severa, en base a la Escala de Experiencia de Inseguridad Alimentaria (FIES) (indicador 2.1.2 de los SDGs)", % de cambio en la producción por unidad de tierra ,PNF,126
50 millones de personas pobres y vulnerables incrementan su seguridad alimentaria y nutricional y su resiliencia ante el cambio climático.,"13. %  de la población con inseguridad alimentaria moderada o severa, en base a la Escala de Experiencia de Inseguridad Alimentaria (FIES) (indicador 2.1.2 de los SDGs)",Indicador:  % de ingresos invertidos en las empresas en los últimos 12 meses,PNF,319
50 millones de personas pobres y vulnerables incrementan su seguridad alimentaria y nutricional y su resiliencia ante el cambio climático.,"13. %  de la población con inseguridad alimentaria moderada o severa, en base a la Escala de Experiencia de Inseguridad Alimentaria (FIES) (indicador 2.1.2 de los SDGs)",Indicador: Promedio ingresos por venta en los últimos 12 meses ,PNF,319
50 millones de personas pobres y vulnerables incrementan su seguridad alimentaria y nutricional y su resiliencia ante el cambio climático.,14. % de desnutrición crónica (retraso en crecimiento) entre niñas y niños debajo de 5 años de edad (indicador 2.2.1 de los SDGs),Número de niños y niñas menores de dos años atendidos por el programa de monitoreo de crecimiento,ACS,1500
50 millones de personas pobres y vulnerables incrementan su seguridad alimentaria y nutricional y su resiliencia ante el cambio climático.,14. % de desnutrición crónica (retraso en crecimiento) entre niñas y niños debajo de 5 años de edad (indicador 2.2.1 de los SDGs),1. Impacto:Mantener el valor referencial de 43% en Desnutricion Cronica(Talla /Edad)de los niños menores de 2 años con referencia al valor encontrado en la Evaluacion HOGASA 2016 _____,HGSA,9569
50 millones de personas pobres y vulnerables incrementan su seguridad alimentaria y nutricional y su resiliencia ante el cambio climático.,14. % de desnutrición crónica (retraso en crecimiento) entre niñas y niños debajo de 5 años de edad (indicador 2.2.1 de los SDGs),# % de Niños Menores de 2 Años en Control de Crecimiento y desarrollo de acuerdos a las Normas de la SS,PL,1585
50 millones de personas pobres y vulnerables incrementan su seguridad alimentaria y nutricional y su resiliencia ante el cambio climático.,14. % de desnutrición crónica (retraso en crecimiento) entre niñas y niños debajo de 5 años de edad (indicador 2.2.1 de los SDGs),# Niños y Niñas informadas en temas de higiene y saneamiento basico con Metodologia ESCASAL,PL,1755
50 millones de personas pobres y vulnerables incrementan su seguridad alimentaria y nutricional y su resiliencia ante el cambio climático.,14. % de desnutrición crónica (retraso en crecimiento) entre niñas y niños debajo de 5 años de edad (indicador 2.2.1 de los SDGs),"%  de hogares accesando alimentos objetivo, ricos en micro nutrientes ",PNF,100
50 millones de personas pobres y vulnerables incrementan su seguridad alimentaria y nutricional y su resiliencia ante el cambio climático.,15. # de personas con mayor capacidad para construir resiliencia a los efectos de cambio climático y la variabilidad ,Hogares beneficiados directamente del proyecto (6000 hogares),ACS,24000
50 millones de personas pobres y vulnerables incrementan su seguridad alimentaria y nutricional y su resiliencia ante el cambio climático.,15. # de personas con mayor capacidad para construir resiliencia a los efectos de cambio climático y la variabilidad ,"Número de días cliente de entrenamiento componente 1 (15,000 clientes dias)",ACS,15000
50 millones de personas pobres y vulnerables incrementan su seguridad alimentaria y nutricional y su resiliencia ante el cambio climático.,15. # de personas con mayor capacidad para construir resiliencia a los efectos de cambio climático y la variabilidad ,"Número de días cliente de entrenamiento componente 2 (6,500 clientes dias)",ACS,6500
50 millones de personas pobres y vulnerables incrementan su seguridad alimentaria y nutricional y su resiliencia ante el cambio climático.,15. # de personas con mayor capacidad para construir resiliencia a los efectos de cambio climático y la variabilidad ,Número de hogares con inversión en higiene,ACS,8000
50 millones de personas pobres y vulnerables incrementan su seguridad alimentaria y nutricional y su resiliencia ante el cambio climático.,15. # de personas con mayor capacidad para construir resiliencia a los efectos de cambio climático y la variabilidad ,Número de comunidades que se benefician de un sub-proyecto de nutrición comunitaria implementado bajo planes de nutrición comunitaria ,ACS,1875
50 millones de personas pobres y vulnerables incrementan su seguridad alimentaria y nutricional y su resiliencia ante el cambio climático.,15. # de personas con mayor capacidad para construir resiliencia a los efectos de cambio climático y la variabilidad ,"3. 4 CODEM Y 20 CODELES ejerciendo sus competencias de forma eficaz y coordinadas con los niveles departamental y nacional del SINAGER, al final del proyecto",DPCO,649
50 millones de personas pobres y vulnerables incrementan su seguridad alimentaria y nutricional y su resiliencia ante el cambio climático.,15. # de personas con mayor capacidad para construir resiliencia a los efectos de cambio climático y la variabilidad ,"4. Al menos el 80 % de la población meta ha mejorado sus actitudes y comportamiento para enfrentar los efectos de la sequía, al final del proyecto.",DPCO,862
50 millones de personas pobres y vulnerables incrementan su seguridad alimentaria y nutricional y su resiliencia ante el cambio climático.,15. # de personas con mayor capacidad para construir resiliencia a los efectos de cambio climático y la variabilidad ,"1. Las estructuras del SINAGER fortalecidas, han implementado al menos 5 herramientas del SAT-sequía- SAN a nivel local, municipal y nacional, con enfoque de género al final del V trimestre.",DPCO,946
50 millones de personas pobres y vulnerables incrementan su seguridad alimentaria y nutricional y su resiliencia ante el cambio climático.,15. # de personas con mayor capacidad para construir resiliencia a los efectos de cambio climático y la variabilidad ,"# grupos comunitarios recibiendo asistencia tecnica en aspectos del sector social de la economia,desarrollo empresarial rural y produccion agricola sostenible a traves de las Escuelas de campo(ECA's). Aporta al inidcador 16",PL,1200
50 millones de personas pobres y vulnerables incrementan su seguridad alimentaria y nutricional y su resiliencia ante el cambio climático.,15. # de personas con mayor capacidad para construir resiliencia a los efectos de cambio climático y la variabilidad ,# productoras y productores promotores han sido formados en las ECA's para apoyar con asistencia tecnica complementaria a productor@s en sus comunidades.,PL,1104
50 millones de personas pobres y vulnerables incrementan su seguridad alimentaria y nutricional y su resiliencia ante el cambio climático.,15. # de personas con mayor capacidad para construir resiliencia a los efectos de cambio climático y la variabilidad ,# Productores y productoras producen en sus huertos familiares utilizando sistemas de cosecha de aguas lluvia y microriego complementario en periodos de sequia. Aporta tambien al indicador 21,PL,1248
50 millones de personas pobres y vulnerables incrementan su seguridad alimentaria y nutricional y su resiliencia ante el cambio climático.,15. # de personas con mayor capacidad para construir resiliencia a los efectos de cambio climático y la variabilidad , # de personas con mayor habilidad para construir resiliencia a los efectos del cambio climático.,PNF,119
50 millones de personas pobres y vulnerables incrementan su seguridad alimentaria y nutricional y su resiliencia ante el cambio climático.,15. # de personas con mayor capacidad para construir resiliencia a los efectos de cambio climático y la variabilidad ,# de nuevos planes de adaptación comunitarios refinados o de planes de reducción de riesgos. ,PNF,6390
50 millones de personas pobres y vulnerables incrementan su seguridad alimentaria y nutricional y su resiliencia ante el cambio climático.,15. # de personas con mayor capacidad para construir resiliencia a los efectos de cambio climático y la variabilidad ,Nivel de sensibilización y comprensión de las vulnerabilidades al cambio climático y capacidades  ,PNF,119
50 millones de personas pobres y vulnerables incrementan su seguridad alimentaria y nutricional y su resiliencia ante el cambio climático.,15. # de personas con mayor capacidad para construir resiliencia a los efectos de cambio climático y la variabilidad ,Indicador: % de implementación/ejecución de los planes de acción comunitarios ,PNF,6390
50 millones de personas pobres y vulnerables incrementan su seguridad alimentaria y nutricional y su resiliencia ante el cambio climático.,15. # de personas con mayor capacidad para construir resiliencia a los efectos de cambio climático y la variabilidad ," # de nuevas microempresas son creadas, contribuyendo a los efectos (outcomes) de FNS&CR ",PNF,468
50 millones de personas pobres y vulnerables incrementan su seguridad alimentaria y nutricional y su resiliencia ante el cambio climático.,"21. # y % de personas que implementan practicas/acciones que reducen la vulnerabilidad y aumentan la resiliencia, desagregado por eventos relacionados con el clima, económicos, sociales o medio-ambientales",Área con sistemas de riego y drenaje,ACS,19000
50 millones de personas pobres y vulnerables incrementan su seguridad alimentaria y nutricional y su resiliencia ante el cambio climático.,"21. # y % de personas que implementan practicas/acciones que reducen la vulnerabilidad y aumentan la resiliencia, desagregado por eventos relacionados con el clima, económicos, sociales o medio-ambientales",Sub-proyectos agrícolas y no agrícolas implementados bajo planes de negocios,ACS,7000
50 millones de personas pobres y vulnerables incrementan su seguridad alimentaria y nutricional y su resiliencia ante el cambio climático.,"21. # y % de personas que implementan practicas/acciones que reducen la vulnerabilidad y aumentan la resiliencia, desagregado por eventos relacionados con el clima, económicos, sociales o medio-ambientales","Hogares con sub-proyectos de agricultura, implementados bajo planes de seguridad alimentaria",ACS,12000
50 millones de personas pobres y vulnerables incrementan su seguridad alimentaria y nutricional y su resiliencia ante el cambio climático.,"21. # y % de personas que implementan practicas/acciones que reducen la vulnerabilidad y aumentan la resiliencia, desagregado por eventos relacionados con el clima, económicos, sociales o medio-ambientales",Productores/as que han adoptado tecnologías en agricultura promovida por el Proyecto (Cuántas son mujeres),ACS,12000
50 millones de personas pobres y vulnerables incrementan su seguridad alimentaria y nutricional y su resiliencia ante el cambio climático.,"21. # y % de personas que implementan practicas/acciones que reducen la vulnerabilidad y aumentan la resiliencia, desagregado por eventos relacionados con el clima, económicos, sociales o medio-ambientales",Incrementado los vínculos con el mercado,ACS,8000
50 millones de personas pobres y vulnerables incrementan su seguridad alimentaria y nutricional y su resiliencia ante el cambio climático.,"21. # y % de personas que implementan practicas/acciones que reducen la vulnerabilidad y aumentan la resiliencia, desagregado por eventos relacionados con el clima, económicos, sociales o medio-ambientales",Incrementado el auto-consumo,ACS,12000
50 millones de personas pobres y vulnerables incrementan su seguridad alimentaria y nutricional y su resiliencia ante el cambio climático.,"21. # y % de personas que implementan practicas/acciones que reducen la vulnerabilidad y aumentan la resiliencia, desagregado por eventos relacionados con el clima, económicos, sociales o medio-ambientales","2. Al menos el 80% de familias beneficiarias, han implementado Buenas Practicas Agricolas para protección de sus medios de vida. ",DPCO,378
50 millones de personas pobres y vulnerables incrementan su seguridad alimentaria y nutricional y su resiliencia ante el cambio climático.,"21. # y % de personas que implementan practicas/acciones que reducen la vulnerabilidad y aumentan la resiliencia, desagregado por eventos relacionados con el clima, económicos, sociales o medio-ambientales","# de comites de comanejo de areas protegidas acompañados en el proceso de ejecucion de planes de manejo, operativos y especificos.",PDR,100
50 millones de personas pobres y vulnerables incrementan su seguridad alimentaria y nutricional y su resiliencia ante el cambio climático.,"21. # y % de personas que implementan practicas/acciones que reducen la vulnerabilidad y aumentan la resiliencia, desagregado por eventos relacionados con el clima, económicos, sociales o medio-ambientales",% de productores y productoras participantes del proyecto por municipio que adoptan 2 nuevas tecnologías en sus procesos productivos.,PL,6112
50 millones de personas pobres y vulnerables incrementan su seguridad alimentaria y nutricional y su resiliencia ante el cambio climático.,"21. # y % de personas que implementan practicas/acciones que reducen la vulnerabilidad y aumentan la resiliencia, desagregado por eventos relacionados con el clima, económicos, sociales o medio-ambientales",# Productores y productoras producen en sus huertos familiares utilizando sistemas de cosecha de aguas lluvia y microriego complementario en periodos de sequia. Aporta tambien al indicador 15,PL,1248
50 millones de personas pobres y vulnerables incrementan su seguridad alimentaria y nutricional y su resiliencia ante el cambio climático.,"21. # y % de personas que implementan practicas/acciones que reducen la vulnerabilidad y aumentan la resiliencia, desagregado por eventos relacionados con el clima, económicos, sociales o medio-ambientales","# líderes comunitarios, técnicos municipales y de instancias del SINAGER con presencia en la zona, capacitados, equipados y ejerciendo labores de recolección y transmisión de información.",PL,4694
50 millones de personas pobres y vulnerables incrementan su seguridad alimentaria y nutricional y su resiliencia ante el cambio climático.,"21. # y % de personas que implementan practicas/acciones que reducen la vulnerabilidad y aumentan la resiliencia, desagregado por eventos relacionados con el clima, económicos, sociales o medio-ambientales",# hombres y mujeres productoras que reciben de manera oportuna información útil para la toma de decisiones en el campo agropecuario.,PL,29900
50 millones de personas pobres y vulnerables incrementan su seguridad alimentaria y nutricional y su resiliencia ante el cambio climático.,"21. # y % de personas que implementan practicas/acciones que reducen la vulnerabilidad y aumentan la resiliencia, desagregado por eventos relacionados con el clima, económicos, sociales o medio-ambientales",% de hogares usando estrategias de adaptación para reducir el impacto de conmociones (shocks) futuros.  ,PL,6000
50 millones de personas pobres y vulnerables incrementan su seguridad alimentaria y nutricional y su resiliencia ante el cambio climático.,"21. # y % de personas que implementan practicas/acciones que reducen la vulnerabilidad y aumentan la resiliencia, desagregado por eventos relacionados con el clima, económicos, sociales o medio-ambientales",  % de agricultores utilizando prácticas agrícolas sustentables resilientes al clima. ,PNF,126
50 millones de personas pobres y vulnerables incrementan su seguridad alimentaria y nutricional y su resiliencia ante el cambio climático.,"21. # y % de personas que implementan practicas/acciones que reducen la vulnerabilidad y aumentan la resiliencia, desagregado por eventos relacionados con el clima, económicos, sociales o medio-ambientales", % de agricultores accesando servicios de extensión durante los últimos 12 meses ,PNF,126
50 millones de personas pobres y vulnerables incrementan su seguridad alimentaria y nutricional y su resiliencia ante el cambio climático.,"21. # y % de personas que implementan practicas/acciones que reducen la vulnerabilidad y aumentan la resiliencia, desagregado por eventos relacionados con el clima, económicos, sociales o medio-ambientales",%  de agricultores que han adoptado un mínimo número de prácticas de administración agrícola sustentables y de tecnologías promovidas por el programa. ,PNF,126
50 millones de personas pobres y vulnerables incrementan su seguridad alimentaria y nutricional y su resiliencia ante el cambio climático.,"21. # y % de personas que implementan practicas/acciones que reducen la vulnerabilidad y aumentan la resiliencia, desagregado por eventos relacionados con el clima, económicos, sociales o medio-ambientales",% de hogares usando estrategias de adaptación para reducir el impacto de conmociones (shocks) futuros.  ,PNF,1236
50 millones de personas pobres y vulnerables incrementan su seguridad alimentaria y nutricional y su resiliencia ante el cambio climático.,"21. # y % de personas que implementan practicas/acciones que reducen la vulnerabilidad y aumentan la resiliencia, desagregado por eventos relacionados con el clima, económicos, sociales o medio-ambientales",# de miembros (personas y sectores representadas) del Comité Nacional de Salvaguardas que participan en la interpretación y reporte del cumplimiento de las mismas.,SG,172
50 millones de personas pobres y vulnerables incrementan su seguridad alimentaria y nutricional y su resiliencia ante el cambio climático.,"21. # y % de personas que implementan practicas/acciones que reducen la vulnerabilidad y aumentan la resiliencia, desagregado por eventos relacionados con el clima, económicos, sociales o medio-ambientales",Comité/Comisión de Salvaguardas REDD+ multisectorial funcionando y sirviendo de veedor del cumplimiento de los compromisos de país en la ENREDD+ y la ENS,SG,172
"Resultados en Enfoques y roles CARE 2020 (Pobreza, Gobernabilidad, Igualdad de Genero, Multiplicación de Impacto, Soluciones Innovadoras)",1. % de la población debajo de la línea internacional de pobreza (indicador 1.1. de los SDGs),# de municipalidades que incrementan los ingresos corrientes y los invierten en proyectos de reduccion de la pobreza,PDR,600
"Resultados en Enfoques y roles CARE 2020 (Pobreza, Gobernabilidad, Igualdad de Genero, Multiplicación de Impacto, Soluciones Innovadoras)",1. % de la población debajo de la línea internacional de pobreza (indicador 1.1. de los SDGs),Índice medio de bienes ,PNF,750
"Resultados en Enfoques y roles CARE 2020 (Pobreza, Gobernabilidad, Igualdad de Genero, Multiplicación de Impacto, Soluciones Innovadoras)",1. % de la población debajo de la línea internacional de pobreza (indicador 1.1. de los SDGs), Índice de Salida de la Pobreza  ,PNF,230
"Resultados en Enfoques y roles CARE 2020 (Pobreza, Gobernabilidad, Igualdad de Genero, Multiplicación de Impacto, Soluciones Innovadoras)",19. # y % de personas de todos los generos que han participado de manera significativa en espacios de toma de decisiones formales e informales,Funcionarios municipales capacitados en gestión municipal y Desarrollo Económico Local.__,PDR,600
"Resultados en Enfoques y roles CARE 2020 (Pobreza, Gobernabilidad, Igualdad de Genero, Multiplicación de Impacto, Soluciones Innovadoras)",19. # y % de personas de todos los generos que han participado de manera significativa en espacios de toma de decisiones formales e informales,municipalidades han actualizado el plan de desarrollo municipal con amplia participacion de mujeres e indigenas.,PDR,600
"Resultados en Enfoques y roles CARE 2020 (Pobreza, Gobernabilidad, Igualdad de Genero, Multiplicación de Impacto, Soluciones Innovadoras)",19. # y % de personas de todos los generos que han participado de manera significativa en espacios de toma de decisiones formales e informales,municipalidades con presupesto participativo elaborado de manera participativa,PDR,600
"Resultados en Enfoques y roles CARE 2020 (Pobreza, Gobernabilidad, Igualdad de Genero, Multiplicación de Impacto, Soluciones Innovadoras)",19. # y % de personas de todos los generos que han participado de manera significativa en espacios de toma de decisiones formales e informales,# de concejos de desarrollo y mesas tematicas regionales que han recibido asesoria para incluir temas de interes de las mujeres e indigenas.,PDR,115
"Resultados en Enfoques y roles CARE 2020 (Pobreza, Gobernabilidad, Igualdad de Genero, Multiplicación de Impacto, Soluciones Innovadoras)",19. # y % de personas de todos los generos que han participado de manera significativa en espacios de toma de decisiones formales e informales,Índice de movilización de las mujeres ,PNF,300
"Resultados en Enfoques y roles CARE 2020 (Pobreza, Gobernabilidad, Igualdad de Genero, Multiplicación de Impacto, Soluciones Innovadoras)",19. # y % de personas de todos los generos que han participado de manera significativa en espacios de toma de decisiones formales e informales,"#  de reuniones entre grupos comunitarios, instituciones públicas y otras alianzas estratégicas que promueven la SAN, género o CR . ",PNF,1220
"Resultados en Enfoques y roles CARE 2020 (Pobreza, Gobernabilidad, Igualdad de Genero, Multiplicación de Impacto, Soluciones Innovadoras)",19. # y % de personas de todos los generos que han participado de manera significativa en espacios de toma de decisiones formales e informales,# de planes de acción comunitarios hechos/desarrollados,PNF,6390
"Resultados en Enfoques y roles CARE 2020 (Pobreza, Gobernabilidad, Igualdad de Genero, Multiplicación de Impacto, Soluciones Innovadoras)",19. # y % de personas de todos los generos que han participado de manera significativa en espacios de toma de decisiones formales e informales,"1100.1  % de adultos y jóvenes, indígenas o no (mujeres y hombres) con una mayor y más equitativa toma de decisiones sobre los recursos productivos y los beneficios de las pequeñas empresas.",PROLEMPA,3000
"Resultados en Enfoques y roles CARE 2020 (Pobreza, Gobernabilidad, Igualdad de Genero, Multiplicación de Impacto, Soluciones Innovadoras)",19. # y % de personas de todos los generos que han participado de manera significativa en espacios de toma de decisiones formales e informales,Comité/Comisión de Salvaguardas REDD+ multisectorial funcionando y sirviendo de veedor del cumplimiento de los compromisos de país en la ENREDD+ y la ENS,SG,172
"Resultados en Enfoques y roles CARE 2020 (Pobreza, Gobernabilidad, Igualdad de Genero, Multiplicación de Impacto, Soluciones Innovadoras)","20. # de políticas, legislación, programas públicos y/o presupuestos, nuevos o mejorados, que responden a los derechos, necesidades y demandas de personas de todos los géneros",# de municipalidades que han priorizado una cadena productiva para promover el desarrollo económico local.,PDR,1160
"Resultados en Enfoques y roles CARE 2020 (Pobreza, Gobernabilidad, Igualdad de Genero, Multiplicación de Impacto, Soluciones Innovadoras)","20. # de políticas, legislación, programas públicos y/o presupuestos, nuevos o mejorados, que responden a los derechos, necesidades y demandas de personas de todos los géneros",# de municipalidades con Politicas publicas que benefician a las mujeres e indigenas  concertadas y socializadas en cabildo abierto,PDR,600
"Resultados en Enfoques y roles CARE 2020 (Pobreza, Gobernabilidad, Igualdad de Genero, Multiplicación de Impacto, Soluciones Innovadoras)","20. # de políticas, legislación, programas públicos y/o presupuestos, nuevos o mejorados, que responden a los derechos, necesidades y demandas de personas de todos los géneros",# de organizaciones de sociedad civil que se involucran en construccion de  Politicas publicas que benefician a mujeres e indigenas  concertadas y socializadas en cabildo abierto,PDR,200
"Resultados en Enfoques y roles CARE 2020 (Pobreza, Gobernabilidad, Igualdad de Genero, Multiplicación de Impacto, Soluciones Innovadoras)","20. # de políticas, legislación, programas públicos y/o presupuestos, nuevos o mejorados, que responden a los derechos, necesidades y demandas de personas de todos los géneros","# estrategias de atencion primarias en salud que contribuyan a Seguridad Alimentaria, AIN-C  corresponsabilidad y equidad de genero elaboradas e implememtandose.",PL,1585
"Resultados en Enfoques y roles CARE 2020 (Pobreza, Gobernabilidad, Igualdad de Genero, Multiplicación de Impacto, Soluciones Innovadoras)","20. # de políticas, legislación, programas públicos y/o presupuestos, nuevos o mejorados, que responden a los derechos, necesidades y demandas de personas de todos los géneros","# mecanismos de participación y instrumentos de politica a favor de seguridad alimentaria  y nutricional  construidas con participación de mujeres, con sus proyectos gestionados por si mismos para mujeres, cumpliendo con presupuesto con equidad y su plan de inversión.",PL,1242
"Resultados en Enfoques y roles CARE 2020 (Pobreza, Gobernabilidad, Igualdad de Genero, Multiplicación de Impacto, Soluciones Innovadoras)","20. # de políticas, legislación, programas públicos y/o presupuestos, nuevos o mejorados, que responden a los derechos, necesidades y demandas de personas de todos los géneros","1100.2 # de políticas, normas y planes para facilitar el acceso, uso y control de los recursos productivos y financieros de mujeres, jóvenes y mujeres indígenas que viven en la pobreza",PROLEMPA,60
"Resultados en Enfoques y roles CARE 2020 (Pobreza, Gobernabilidad, Igualdad de Genero, Multiplicación de Impacto, Soluciones Innovadoras)","20. # de políticas, legislación, programas públicos y/o presupuestos, nuevos o mejorados, que responden a los derechos, necesidades y demandas de personas de todos los géneros",# de Plan o Política Nacional incluye Salvaguardas REDD+ interpretadas para su reporte de cumplimiento,SG,172
"Resultados en Enfoques y roles CARE 2020 (Pobreza, Gobernabilidad, Igualdad de Genero, Multiplicación de Impacto, Soluciones Innovadoras)",23. # y % de proyectos / programas que desarrollaron innovaciones para luchar contra la pobreza e iniquidad.,# de mejores practicas del proyecto que han sido replicadas por /con instituciones públicas/ alianzas estratégicas,PNF,1020
"Resultados en Enfoques y roles CARE 2020 (Pobreza, Gobernabilidad, Igualdad de Genero, Multiplicación de Impacto, Soluciones Innovadoras)",24. # y % de proyectos / programas que influencian cambios en políticas.,"# de políticas, planes, programas, propuestas que incorporan una mirada intercultural y responden a la  realidad específica de las mujeres indígenas y afrodescendientes que hacen trabajo del hogar, al 2020. ",TD,210
"Resultados en Enfoques y roles CARE 2020 (Pobreza, Gobernabilidad, Igualdad de Genero, Multiplicación de Impacto, Soluciones Innovadoras)",25. # y % de proyectos / programas que trabajas a través de alianzas estratégicas y socios para llevar soluciones efectivas a escala.,# o %   de políticas de SAN-CR/Genero implementándose actualmente por alianzas estratégicas. ,PNF,1020
"Resultados en Enfoques y roles CARE 2020 (Pobreza, Gobernabilidad, Igualdad de Genero, Multiplicación de Impacto, Soluciones Innovadoras)",25. # y % de proyectos / programas que trabajas a través de alianzas estratégicas y socios para llevar soluciones efectivas a escala.,# de mejores practicas del proyecto que han sido replicadas por /con instituciones públicas/ alianzas estratégicas,PNF,1020
"Resultados en Enfoques y roles CARE 2020 (Pobreza, Gobernabilidad, Igualdad de Genero, Multiplicación de Impacto, Soluciones Innovadoras)",25. # y % de proyectos / programas que trabajas a través de alianzas estratégicas y socios para llevar soluciones efectivas a escala.,"% del grupo de impacto que accede a los mercados de producción, para vender producción y /u otra producción durante los ultimos 12 meses. ",PNF,1236
"Resultados en Enfoques y roles CARE 2020 (Pobreza, Gobernabilidad, Igualdad de Genero, Multiplicación de Impacto, Soluciones Innovadoras)",25. # y % de proyectos / programas que trabajas a través de alianzas estratégicas y socios para llevar soluciones efectivas a escala.,# de acuerdos comerciales facilitado con asociaciones ,PNF,772
"Resultados en Enfoques y roles CARE 2020 (Pobreza, Gobernabilidad, Igualdad de Genero, Multiplicación de Impacto, Soluciones Innovadoras)",25. # y % de proyectos / programas que trabajas a través de alianzas estratégicas y socios para llevar soluciones efectivas a escala.,"1214.1 # de pequeñas empresas que han formado asociaciones público-privadas con organizaciones del sector privado para la producción y la comercialización (con Mother Parkers, UQAM, IHCAFE, ITH e INFOP, la Secretaria de Desarrollo Económico, el Centro de Desarrollo de Pequeñas Empresas, los Municipios, Cámara de Comercio y  Turismo para permitir vínculos de mercado).",PROLEMPA,450
